{
  "name": "Silver",
  "Z_eff": 47,
  "A_eff": 107.87,
  "density_g_cm3": 10.49,
  "edges_ev": {
    "K": 25514.0,
    "L3": 3351.0
  },
  "energy_ev": [
    30.0,
    35.24,
    41.394,
    48.624,
    57.116,
    67.092,
    78.81,
    92.574,
    108.743,
    127.735,
    150.044,
    176.25,
    207.033,
    243.192,
    285.666,
    335.559,
    394.166,
    463.008,
    543.874,
    638.864,
    750.444,
    881.512,
    1035.471,
    1216.32,
    1428.755,
    1678.293,
    1971.413,
    2315.727,
    2720.178,
    3195.267,
    3753.332,
    4408.865,
    5178.89,
    6083.403,
    7145.891,
    8393.948,
    9859.982,
    11582.065,
    13604.915,
    15981.064,
    18772.217,
    22050.854,
    25902.118,
    30426.019,
    35740.036,
    41982.166,
    49314.508,
    57927.47,
    68044.718,
    79928.981,
    93888.874,
    110286.915,
    129548.935,
    152175.138,
    178753.092,
    209972.984,
    246645.546,
    289723.107,
    340324.325,
    399763.234,
    469583.368,
    551597.85,
    647936.465,
    761100.977,
    894030.092,
    1050175.772,
    1233592.874,
    1449044.456,
    1702125.457,
    1999407.996,
    2348612.036,
    2758805.859,
    3240641.559,
    3806631.655,
    4471474.026,
    5252433.588,
    6169790.641,
    7247367.514,
    8513147.193,
    10000000.0
  ],
  "mu_over_rho_cm2_g": [
    480000.0,
    480000.0,
    480000.0,
    480000.0,
    480000.0,
    480000.0,
    480000.0,
    480000.0,
    397237.23151,
    276181.009234,
    192016.114833,
    133500.085534,
    92816.547471,
    64531.130822,
    44865.565017,
    31192.990091,
    21687.069592,
    15078.034716,
    10483.072872,
    7288.40455,
    5067.29673,
    3523.06132,
    2576.49065,
    2262.598197,
    1986.94709,
    1744.878408,
    1532.300822,
    1345.621447,
    1181.685119,
    1037.721064,
    911.296072,
    800.273368,
    660.848009,
    437.867873,
    290.124615,
    192.232172,
    127.370123,
    84.393513,
    55.917862,
    37.050328,
    24.548986,
    16.265786,
    58.984613,
    47.917184,
    32.503869,
    22.048488,
    14.956245,
    10.145334,
    6.881928,
    4.668247,
    3.166632,
    2.308753,
    1.763349,
    1.346787,
    1.028631,
    0.785634,
    0.600041,
    0.458291,
    0.350027,
    0.267339,
    0.204185,
    0.15595,
    0.119109,
    0.090972,
    0.069481,
    0.057021,
    0.055156,
    0.053352,
    0.051608,
    0.04992,
    0.048288,
    0.046709,
    0.045181,
    0.043704,
    0.042275,
    0.040892,
    0.039555,
    0.038261,
    0.03701,
    0.0358
  ],
  "source": "log-log interp of Henke/NIST-XCOM anchors; precision ~30%"
}