{
  "name": "Aluminium",
  "Z_eff": 13,
  "A_eff": 26.98,
  "density_g_cm3": 2.7,
  "edges_ev": {
    "K": 1559.6,
    "L1": 117.8
  },
  "energy_ev": [
    30.0,
    35.24,
    41.394,
    48.624,
    57.116,
    67.092,
    78.81,
    92.574,
    108.743,
    127.735,
    150.044,
    176.25,
    207.033,
    243.192,
    285.666,
    335.559,
    394.166,
    463.008,
    543.874,
    638.864,
    750.444,
    881.512,
    1035.471,
    1216.32,
    1428.755,
    1678.293,
    1971.413,
    2315.727,
    2720.178,
    3195.267,
    3753.332,
    4408.865,
    5178.89,
    6083.403,
    7145.891,
    8393.948,
    9859.982,
    11582.065,
    13604.915,
    15981.064,
    18772.217,
    22050.854,
    25902.118,
    30426.019,
    35740.036,
    41982.166,
    49314.508,
    57927.47,
    68044.718,
    79928.981,
    93888.874,
    110286.915,
    129548.935,
    152175.138,
    178753.092,
    209972.984,
    246645.546,
    289723.107,
    340324.325,
    399763.234,
    469583.368,
    551597.85,
    647936.465,
    761100.977,
    894030.092,
    1050175.772,
    1233592.874,
    1449044.456,
    1702125.457,
    1999407.996,
    2348612.036,
    2758805.859,
    3240641.559,
    3806631.655,
    4471474.026,
    5252433.588,
    6169790.641,
    7247367.514,
    8513147.193,
    10000000.0
  ],
  "mu_over_rho_cm2_g": [
    80000.0,
    80000.0,
    80000.0,
    80000.0,
    80000.0,
    80000.0,
    80000.0,
    80000.0,
    68644.700351,
    51158.780829,
    38127.063597,
    28414.926137,
    21176.769235,
    15782.39384,
    11762.132011,
    8765.9547,
    6532.996035,
    4868.840721,
    3628.597023,
    2704.281596,
    2015.417778,
    1502.028793,
    1146.851956,
    955.838446,
    796.639121,
    663.955182,
    553.370368,
    461.203968,
    384.388309,
    320.366654,
    267.008102,
    222.536665,
    174.411272,
    109.689965,
    68.985727,
    43.386198,
    27.286255,
    19.965991,
    14.823497,
    11.005518,
    8.170907,
    6.066387,
    4.503912,
    3.343872,
    2.482616,
    1.843187,
    1.368451,
    1.015989,
    0.754308,
    0.560026,
    0.415785,
    0.342793,
    0.302343,
    0.266666,
    0.235199,
    0.207445,
    0.182966,
    0.161376,
    0.142334,
    0.125538,
    0.110724,
    0.097659,
    0.086135,
    0.075971,
    0.067006,
    0.060137,
    0.056164,
    0.052454,
    0.048989,
    0.045753,
    0.042731,
    0.039908,
    0.037271,
    0.034809,
    0.03251,
    0.030362,
    0.028357,
    0.026483,
    0.024734,
    0.0231
  ],
  "source": "log-log interp of Henke/NIST-XCOM anchors; precision ~30%"
}