{
  "name": "Beryllium",
  "Z_eff": 4,
  "A_eff": 9.01,
  "density_g_cm3": 1.848,
  "edges_ev": {
    "K": 111.5
  },
  "energy_ev": [
    30.0,
    35.24,
    41.394,
    48.624,
    57.116,
    67.092,
    78.81,
    92.574,
    108.743,
    127.735,
    150.044,
    176.25,
    207.033,
    243.192,
    285.666,
    335.559,
    394.166,
    463.008,
    543.874,
    638.864,
    750.444,
    881.512,
    1035.471,
    1216.32,
    1428.755,
    1678.293,
    1971.413,
    2315.727,
    2720.178,
    3195.267,
    3753.332,
    4408.865,
    5178.89,
    6083.403,
    7145.891,
    8393.948,
    9859.982,
    11582.065,
    13604.915,
    15981.064,
    18772.217,
    22050.854,
    25902.118,
    30426.019,
    35740.036,
    41982.166,
    49314.508,
    57927.47,
    68044.718,
    79928.981,
    93888.874,
    110286.915,
    129548.935,
    152175.138,
    178753.092,
    209972.984,
    246645.546,
    289723.107,
    340324.325,
    399763.234,
    469583.368,
    551597.85,
    647936.465,
    761100.977,
    894030.092,
    1050175.772,
    1233592.874,
    1449044.456,
    1702125.457,
    1999407.996,
    2348612.036,
    2758805.859,
    3240641.559,
    3806631.655,
    4471474.026,
    5252433.588,
    6169790.641,
    7247367.514,
    8513147.193,
    10000000.0
  ],
  "mu_over_rho_cm2_g": [
    3900.0,
    3900.0,
    3900.0,
    3900.0,
    3900.0,
    3900.0,
    3900.0,
    3900.0,
    3644.009552,
    3198.531174,
    2807.512309,
    2464.295307,
    2163.036416,
    1898.606277,
    1666.502592,
    1462.773468,
    1283.95013,
    1126.987857,
    989.214145,
    868.283201,
    762.136006,
    668.965254,
    543.480224,
    333.754855,
    204.961098,
    125.867986,
    77.296376,
    47.468223,
    29.150555,
    17.901551,
    10.993463,
    6.751159,
    4.145932,
    2.546045,
    1.563543,
    0.960182,
    0.589654,
    0.515694,
    0.466582,
    0.422147,
    0.381944,
    0.34557,
    0.31266,
    0.282884,
    0.255943,
    0.231569,
    0.209515,
    0.189562,
    0.171509,
    0.155176,
    0.140398,
    0.129992,
    0.12216,
    0.1148,
    0.107883,
    0.101383,
    0.095275,
    0.089534,
    0.08414,
    0.07907,
    0.074306,
    0.069829,
    0.065622,
    0.061668,
    0.057953,
    0.0555,
    0.0555,
    0.0555,
    0.0555,
    0.0555,
    0.0555,
    0.0555,
    0.0555,
    0.0555,
    0.0555,
    0.0555,
    0.0555,
    0.0555,
    0.0555,
    0.0555
  ],
  "source": "log-log interp of Henke/NIST-XCOM anchors; precision ~30%"
}