{
  "name": "BGO (Bi4Ge3O12)",
  "Z_eff": 74,
  "A_eff": 192.0,
  "density_g_cm3": 7.13,
  "edges_ev": {
    "K_Bi": 90526.0,
    "L3_Bi": 13419.0
  },
  "energy_ev": [
    30.0,
    35.24,
    41.394,
    48.624,
    57.116,
    67.092,
    78.81,
    92.574,
    108.743,
    127.735,
    150.044,
    176.25,
    207.033,
    243.192,
    285.666,
    335.559,
    394.166,
    463.008,
    543.874,
    638.864,
    750.444,
    881.512,
    1035.471,
    1216.32,
    1428.755,
    1678.293,
    1971.413,
    2315.727,
    2720.178,
    3195.267,
    3753.332,
    4408.865,
    5178.89,
    6083.403,
    7145.891,
    8393.948,
    9859.982,
    11582.065,
    13604.915,
    15981.064,
    18772.217,
    22050.854,
    25902.118,
    30426.019,
    35740.036,
    41982.166,
    49314.508,
    57927.47,
    68044.718,
    79928.981,
    93888.874,
    110286.915,
    129548.935,
    152175.138,
    178753.092,
    209972.984,
    246645.546,
    289723.107,
    340324.325,
    399763.234,
    469583.368,
    551597.85,
    647936.465,
    761100.977,
    894030.092,
    1050175.772,
    1233592.874,
    1449044.456,
    1702125.457,
    1999407.996,
    2348612.036,
    2758805.859,
    3240641.559,
    3806631.655,
    4471474.026,
    5252433.588,
    6169790.641,
    7247367.514,
    8513147.193,
    10000000.0
  ],
  "mu_over_rho_cm2_g": [
    3890.0,
    3890.0,
    3890.0,
    3890.0,
    3890.0,
    3890.0,
    3890.0,
    3890.0,
    3890.0,
    3890.0,
    3890.0,
    3890.0,
    3890.0,
    3890.0,
    3890.0,
    3890.0,
    3890.0,
    3890.0,
    3890.0,
    3890.0,
    3890.0,
    3890.0,
    3663.541932,
    2777.192762,
    2105.284935,
    1595.93699,
    1209.819552,
    917.118506,
    695.232899,
    527.029801,
    399.521385,
    302.862072,
    229.588297,
    174.042216,
    131.93483,
    100.014812,
    75.817451,
    61.532911,
    50.2679,
    41.065208,
    33.54728,
    27.405681,
    22.388443,
    18.289725,
    14.941371,
    12.206011,
    9.97142,
    7.762812,
    6.016149,
    4.662493,
    16.918903,
    11.942589,
    8.120995,
    5.522301,
    3.755181,
    2.553534,
    1.73641,
    1.180764,
    0.802923,
    0.54599,
    0.371275,
    0.252468,
    0.171679,
    0.116742,
    0.079385,
    0.060554,
    0.060076,
    0.059603,
    0.059133,
    0.058666,
    0.058203,
    0.057744,
    0.057289,
    0.056837,
    0.056389,
    0.055944,
    0.055503,
    0.055065,
    0.054631,
    0.0542
  ],
  "source": "log-log interp of Henke/NIST-XCOM anchors; precision ~30%"
}