{
  "name": "CdTe",
  "Z_eff": 50,
  "A_eff": 120.0,
  "density_g_cm3": 5.85,
  "edges_ev": {
    "K": 31814.0,
    "K_Cd": 26711.0,
    "L3": 3538.0
  },
  "energy_ev": [
    30.0,
    35.24,
    41.394,
    48.624,
    57.116,
    67.092,
    78.81,
    92.574,
    108.743,
    127.735,
    150.044,
    176.25,
    207.033,
    243.192,
    285.666,
    335.559,
    394.166,
    463.008,
    543.874,
    638.864,
    750.444,
    881.512,
    1035.471,
    1216.32,
    1428.755,
    1678.293,
    1971.413,
    2315.727,
    2720.178,
    3195.267,
    3753.332,
    4408.865,
    5178.89,
    6083.403,
    7145.891,
    8393.948,
    9859.982,
    11582.065,
    13604.915,
    15981.064,
    18772.217,
    22050.854,
    25902.118,
    30426.019,
    35740.036,
    41982.166,
    49314.508,
    57927.47,
    68044.718,
    79928.981,
    93888.874,
    110286.915,
    129548.935,
    152175.138,
    178753.092,
    209972.984,
    246645.546,
    289723.107,
    340324.325,
    399763.234,
    469583.368,
    551597.85,
    647936.465,
    761100.977,
    894030.092,
    1050175.772,
    1233592.874,
    1449044.456,
    1702125.457,
    1999407.996,
    2348612.036,
    2758805.859,
    3240641.559,
    3806631.655,
    4471474.026,
    5252433.588,
    6169790.641,
    7247367.514,
    8513147.193,
    10000000.0
  ],
  "mu_over_rho_cm2_g": [
    550000.0,
    550000.0,
    550000.0,
    550000.0,
    550000.0,
    550000.0,
    550000.0,
    550000.0,
    456798.704759,
    319780.742264,
    223861.674864,
    156713.781818,
    109707.074365,
    76800.151372,
    53763.745728,
    37637.17002,
    26347.802742,
    18444.710613,
    12912.171574,
    9039.132045,
    6327.82082,
    4429.774467,
    3255.985868,
    2854.905794,
    2503.231716,
    2194.877686,
    1924.507438,
    1687.44204,
    1479.578921,
    1297.320874,
    1137.513807,
    997.392154,
    818.880209,
    531.337099,
    344.762409,
    223.701899,
    145.150801,
    94.182281,
    61.110941,
    39.652332,
    25.728739,
    16.694302,
    10.832234,
    10.699313,
    33.093723,
    23.389067,
    16.530278,
    11.682813,
    8.256855,
    5.835552,
    4.12429,
    3.020385,
    2.263199,
    1.695833,
    1.270701,
    0.952147,
    0.713451,
    0.534595,
    0.400576,
    0.300155,
    0.224909,
    0.168526,
    0.126278,
    0.094621,
    0.0709,
    0.057513,
    0.055939,
    0.054408,
    0.052919,
    0.051471,
    0.050063,
    0.048693,
    0.04736,
    0.046064,
    0.044804,
    0.043578,
    0.042385,
    0.041225,
    0.040097,
    0.039
  ],
  "source": "log-log interp of Henke/NIST-XCOM anchors; precision ~30%"
}