{
  "name": "CsI(Tl)",
  "Z_eff": 54,
  "A_eff": 129.9,
  "density_g_cm3": 4.51,
  "edges_ev": {
    "K_I": 33169.0,
    "K_Cs": 35985.0,
    "L3_I": 4557.0
  },
  "energy_ev": [
    30.0,
    35.24,
    41.394,
    48.624,
    57.116,
    67.092,
    78.81,
    92.574,
    108.743,
    127.735,
    150.044,
    176.25,
    207.033,
    243.192,
    285.666,
    335.559,
    394.166,
    463.008,
    543.874,
    638.864,
    750.444,
    881.512,
    1035.471,
    1216.32,
    1428.755,
    1678.293,
    1971.413,
    2315.727,
    2720.178,
    3195.267,
    3753.332,
    4408.865,
    5178.89,
    6083.403,
    7145.891,
    8393.948,
    9859.982,
    11582.065,
    13604.915,
    15981.064,
    18772.217,
    22050.854,
    25902.118,
    30426.019,
    35740.036,
    41982.166,
    49314.508,
    57927.47,
    68044.718,
    79928.981,
    93888.874,
    110286.915,
    129548.935,
    152175.138,
    178753.092,
    209972.984,
    246645.546,
    289723.107,
    340324.325,
    399763.234,
    469583.368,
    551597.85,
    647936.465,
    761100.977,
    894030.092,
    1050175.772,
    1233592.874,
    1449044.456,
    1702125.457,
    1999407.996,
    2348612.036,
    2758805.859,
    3240641.559,
    3806631.655,
    4471474.026,
    5252433.588,
    6169790.641,
    7247367.514,
    8513147.193,
    10000000.0
  ],
  "mu_over_rho_cm2_g": [
    610000.0,
    610000.0,
    610000.0,
    610000.0,
    610000.0,
    610000.0,
    610000.0,
    610000.0,
    506851.122219,
    355115.558908,
    248804.934329,
    174320.425545,
    122134.276976,
    85571.048635,
    59953.720985,
    42005.429608,
    29430.302032,
    20619.779057,
    14446.854399,
    10121.912627,
    7091.724774,
    4968.681524,
    3578.81931,
    2848.982053,
    2267.982269,
    1805.467172,
    1437.273895,
    1144.167162,
    910.834392,
    725.085737,
    577.217253,
    459.503946,
    365.796197,
    291.198496,
    231.813684,
    184.53936,
    146.905803,
    96.790514,
    62.623756,
    40.51776,
    26.215114,
    16.961258,
    10.973985,
    7.100202,
    31.736712,
    23.145727,
    16.880283,
    12.310866,
    8.97837,
    6.547966,
    4.775461,
    3.518003,
    2.608512,
    1.934146,
    1.434121,
    1.063365,
    0.788459,
    0.584622,
    0.433483,
    0.321417,
    0.238323,
    0.17671,
    0.131026,
    0.097153,
    0.072036,
    0.05806,
    0.056635,
    0.055245,
    0.053889,
    0.052566,
    0.051276,
    0.050017,
    0.04879,
    0.047592,
    0.046424,
    0.045285,
    0.044173,
    0.043089,
    0.042032,
    0.041
  ],
  "source": "log-log interp of Henke/NIST-XCOM anchors; precision ~30%"
}