{
  "name": "Copper",
  "Z_eff": 29,
  "A_eff": 63.55,
  "density_g_cm3": 8.96,
  "edges_ev": {
    "K": 8979.0,
    "L1": 1096.7,
    "L3": 932.7
  },
  "energy_ev": [
    30.0,
    35.24,
    41.394,
    48.624,
    57.116,
    67.092,
    78.81,
    92.574,
    108.743,
    127.735,
    150.044,
    176.25,
    207.033,
    243.192,
    285.666,
    335.559,
    394.166,
    463.008,
    543.874,
    638.864,
    750.444,
    881.512,
    1035.471,
    1216.32,
    1428.755,
    1678.293,
    1971.413,
    2315.727,
    2720.178,
    3195.267,
    3753.332,
    4408.865,
    5178.89,
    6083.403,
    7145.891,
    8393.948,
    9859.982,
    11582.065,
    13604.915,
    15981.064,
    18772.217,
    22050.854,
    25902.118,
    30426.019,
    35740.036,
    41982.166,
    49314.508,
    57927.47,
    68044.718,
    79928.981,
    93888.874,
    110286.915,
    129548.935,
    152175.138,
    178753.092,
    209972.984,
    246645.546,
    289723.107,
    340324.325,
    399763.234,
    469583.368,
    551597.85,
    647936.465,
    761100.977,
    894030.092,
    1050175.772,
    1233592.874,
    1449044.456,
    1702125.457,
    1999407.996,
    2348612.036,
    2758805.859,
    3240641.559,
    3806631.655,
    4471474.026,
    5252433.588,
    6169790.641,
    7247367.514,
    8513147.193,
    10000000.0
  ],
  "mu_over_rho_cm2_g": [
    300000.0,
    300000.0,
    300000.0,
    300000.0,
    300000.0,
    300000.0,
    300000.0,
    300000.0,
    244520.95596,
    165103.915231,
    111480.436175,
    75273.125004,
    50825.450118,
    34318.043518,
    23172.015362,
    15646.063729,
    10564.437594,
    7133.25368,
    4816.471072,
    3252.147565,
    2195.894801,
    1482.698396,
    1053.177739,
    898.621555,
    766.746835,
    654.225025,
    558.216042,
    476.296592,
    406.399004,
    346.759042,
    295.871379,
    252.451593,
    203.93943,
    135.459631,
    89.974321,
    59.762295,
    222.324954,
    145.221042,
    94.46268,
    61.445626,
    39.968853,
    25.998746,
    16.911538,
    11.000536,
    7.155575,
    4.654524,
    3.027652,
    1.969412,
    1.281054,
    0.833294,
    0.542037,
    0.419747,
    0.363676,
    0.315096,
    0.273005,
    0.236537,
    0.20494,
    0.177564,
    0.153844,
    0.133294,
    0.115488,
    0.100061,
    0.086695,
    0.075114,
    0.06508,
    0.057889,
    0.054688,
    0.051663,
    0.048805,
    0.046106,
    0.043555,
    0.041146,
    0.03887,
    0.036721,
    0.034689,
    0.032771,
    0.030958,
    0.029246,
    0.027628,
    0.0261
  ],
  "source": "log-log interp of Henke/NIST-XCOM anchors; precision ~30%"
}