{
  "name": "Kapton (C22H10N2O5)",
  "Z_eff": 6.75,
  "A_eff": 12.8,
  "density_g_cm3": 1.42,
  "edges_ev": {},
  "energy_ev": [
    30.0,
    35.24,
    41.394,
    48.624,
    57.116,
    67.092,
    78.81,
    92.574,
    108.743,
    127.735,
    150.044,
    176.25,
    207.033,
    243.192,
    285.666,
    335.559,
    394.166,
    463.008,
    543.874,
    638.864,
    750.444,
    881.512,
    1035.471,
    1216.32,
    1428.755,
    1678.293,
    1971.413,
    2315.727,
    2720.178,
    3195.267,
    3753.332,
    4408.865,
    5178.89,
    6083.403,
    7145.891,
    8393.948,
    9859.982,
    11582.065,
    13604.915,
    15981.064,
    18772.217,
    22050.854,
    25902.118,
    30426.019,
    35740.036,
    41982.166,
    49314.508,
    57927.47,
    68044.718,
    79928.981,
    93888.874,
    110286.915,
    129548.935,
    152175.138,
    178753.092,
    209972.984,
    246645.546,
    289723.107,
    340324.325,
    399763.234,
    469583.368,
    551597.85,
    647936.465,
    761100.977,
    894030.092,
    1050175.772,
    1233592.874,
    1449044.456,
    1702125.457,
    1999407.996,
    2348612.036,
    2758805.859,
    3240641.559,
    3806631.655,
    4471474.026,
    5252433.588,
    6169790.641,
    7247367.514,
    8513147.193,
    10000000.0
  ],
  "mu_over_rho_cm2_g": [
    3900.0,
    3900.0,
    3900.0,
    3900.0,
    3900.0,
    3900.0,
    3900.0,
    3900.0,
    3554.497738,
    2974.434947,
    2489.033305,
    2082.844945,
    1742.942955,
    1458.509983,
    1220.493972,
    1021.320082,
    854.649621,
    715.178314,
    598.467499,
    500.802863,
    419.076237,
    350.686678,
    280.70165,
    191.310476,
    130.386474,
    88.864096,
    60.564776,
    41.277549,
    28.132459,
    19.173504,
    13.067583,
    8.90613,
    5.991505,
    3.847433,
    2.470622,
    1.586505,
    1.018771,
    0.876394,
    0.775378,
    0.686005,
    0.606934,
    0.536977,
    0.475084,
    0.420324,
    0.371876,
    0.329013,
    0.29109,
    0.257538,
    0.227853,
    0.20159,
    0.178354,
    0.163006,
    0.152128,
    0.141976,
    0.132501,
    0.123659,
    0.115407,
    0.107705,
    0.100518,
    0.09381,
    0.08755,
    0.081707,
    0.076254,
    0.071166,
    0.066416,
    0.06194,
    0.057673,
    0.053699,
    0.05,
    0.046555,
    0.043347,
    0.040361,
    0.03758,
    0.034991,
    0.03258,
    0.030335,
    0.028245,
    0.026299,
    0.024487,
    0.0228
  ],
  "source": "log-log interp of Henke/NIST-XCOM anchors; precision ~30%"
}