{
  "name": "LYSO (Lu2SiO5:Ce)",
  "Z_eff": 66,
  "A_eff": 176.0,
  "density_g_cm3": 7.1,
  "edges_ev": {
    "K_Lu": 63314.0,
    "L3_Lu": 9244.0
  },
  "energy_ev": [
    30.0,
    35.24,
    41.394,
    48.624,
    57.116,
    67.092,
    78.81,
    92.574,
    108.743,
    127.735,
    150.044,
    176.25,
    207.033,
    243.192,
    285.666,
    335.559,
    394.166,
    463.008,
    543.874,
    638.864,
    750.444,
    881.512,
    1035.471,
    1216.32,
    1428.755,
    1678.293,
    1971.413,
    2315.727,
    2720.178,
    3195.267,
    3753.332,
    4408.865,
    5178.89,
    6083.403,
    7145.891,
    8393.948,
    9859.982,
    11582.065,
    13604.915,
    15981.064,
    18772.217,
    22050.854,
    25902.118,
    30426.019,
    35740.036,
    41982.166,
    49314.508,
    57927.47,
    68044.718,
    79928.981,
    93888.874,
    110286.915,
    129548.935,
    152175.138,
    178753.092,
    209972.984,
    246645.546,
    289723.107,
    340324.325,
    399763.234,
    469583.368,
    551597.85,
    647936.465,
    761100.977,
    894030.092,
    1050175.772,
    1233592.874,
    1449044.456,
    1702125.457,
    1999407.996,
    2348612.036,
    2758805.859,
    3240641.559,
    3806631.655,
    4471474.026,
    5252433.588,
    6169790.641,
    7247367.514,
    8513147.193,
    10000000.0
  ],
  "mu_over_rho_cm2_g": [
    3650.0,
    3650.0,
    3650.0,
    3650.0,
    3650.0,
    3650.0,
    3650.0,
    3650.0,
    3650.0,
    3650.0,
    3650.0,
    3650.0,
    3650.0,
    3650.0,
    3650.0,
    3650.0,
    3650.0,
    3650.0,
    3650.0,
    3650.0,
    3650.0,
    3650.0,
    3433.275196,
    2587.849489,
    1950.605354,
    1470.279189,
    1108.23078,
    835.334861,
    629.638106,
    474.593081,
    357.727066,
    269.638683,
    203.241596,
    153.194437,
    115.471124,
    87.036975,
    65.604584,
    52.854083,
    42.854736,
    34.747144,
    28.173409,
    22.843344,
    18.521662,
    15.01759,
    12.176446,
    9.872811,
    8.004996,
    6.490548,
    11.943445,
    9.676862,
    7.840423,
    5.889815,
    4.214176,
    3.015253,
    2.157421,
    1.54364,
    1.104478,
    0.790257,
    0.56543,
    0.404567,
    0.289469,
    0.207115,
    0.148192,
    0.106031,
    0.075866,
    0.059898,
    0.059239,
    0.058587,
    0.057942,
    0.057304,
    0.056673,
    0.05605,
    0.055433,
    0.054822,
    0.054219,
    0.053622,
    0.053032,
    0.052448,
    0.051871,
    0.0513
  ],
  "source": "log-log interp of Henke/NIST-XCOM anchors; precision ~30%"
}