{
  "name": "Molybdenum",
  "Z_eff": 42,
  "A_eff": 95.95,
  "density_g_cm3": 10.22,
  "edges_ev": {
    "K": 20000.0,
    "L1": 2866.0,
    "L3": 2520.0
  },
  "energy_ev": [
    30.0,
    35.24,
    41.394,
    48.624,
    57.116,
    67.092,
    78.81,
    92.574,
    108.743,
    127.735,
    150.044,
    176.25,
    207.033,
    243.192,
    285.666,
    335.559,
    394.166,
    463.008,
    543.874,
    638.864,
    750.444,
    881.512,
    1035.471,
    1216.32,
    1428.755,
    1678.293,
    1971.413,
    2315.727,
    2720.178,
    3195.267,
    3753.332,
    4408.865,
    5178.89,
    6083.403,
    7145.891,
    8393.948,
    9859.982,
    11582.065,
    13604.915,
    15981.064,
    18772.217,
    22050.854,
    25902.118,
    30426.019,
    35740.036,
    41982.166,
    49314.508,
    57927.47,
    68044.718,
    79928.981,
    93888.874,
    110286.915,
    129548.935,
    152175.138,
    178753.092,
    209972.984,
    246645.546,
    289723.107,
    340324.325,
    399763.234,
    469583.368,
    551597.85,
    647936.465,
    761100.977,
    894030.092,
    1050175.772,
    1233592.874,
    1449044.456,
    1702125.457,
    1999407.996,
    2348612.036,
    2758805.859,
    3240641.559,
    3806631.655,
    4471474.026,
    5252433.588,
    6169790.641,
    7247367.514,
    8513147.193,
    10000000.0
  ],
  "mu_over_rho_cm2_g": [
    410000.0,
    410000.0,
    410000.0,
    410000.0,
    410000.0,
    410000.0,
    410000.0,
    410000.0,
    340082.032983,
    237482.218844,
    165835.883102,
    115804.628482,
    80867.371567,
    56470.383523,
    39433.756204,
    27536.932306,
    19229.277497,
    13427.970442,
    9376.867655,
    6547.947614,
    4572.488334,
    3193.008068,
    2336.615768,
    2025.661978,
    1756.089515,
    1522.391405,
    1319.793536,
    1144.157127,
    991.894184,
    859.894195,
    745.460593,
    646.255666,
    525.328486,
    339.161626,
    218.968915,
    141.370315,
    91.271247,
    58.926377,
    38.043941,
    24.56186,
    15.857584,
    70.525208,
    47.94356,
    32.592388,
    22.156548,
    15.062186,
    10.239386,
    6.96081,
    4.732011,
    3.216856,
    2.186843,
    1.621137,
    1.270713,
    0.996036,
    0.780733,
    0.61197,
    0.479687,
    0.375998,
    0.294723,
    0.231015,
    0.181079,
    0.141937,
    0.111256,
    0.087207,
    0.068356,
    0.057055,
    0.054984,
    0.052988,
    0.051064,
    0.049211,
    0.047424,
    0.045703,
    0.044044,
    0.042445,
    0.040904,
    0.03942,
    0.037989,
    0.03661,
    0.035281,
    0.034
  ],
  "source": "log-log interp of Henke/NIST-XCOM anchors; precision ~30%"
}