{
  "name": "Mylar (C10H8O4)",
  "Z_eff": 6.6,
  "A_eff": 12.9,
  "density_g_cm3": 1.38,
  "edges_ev": {},
  "energy_ev": [
    30.0,
    35.24,
    41.394,
    48.624,
    57.116,
    67.092,
    78.81,
    92.574,
    108.743,
    127.735,
    150.044,
    176.25,
    207.033,
    243.192,
    285.666,
    335.559,
    394.166,
    463.008,
    543.874,
    638.864,
    750.444,
    881.512,
    1035.471,
    1216.32,
    1428.755,
    1678.293,
    1971.413,
    2315.727,
    2720.178,
    3195.267,
    3753.332,
    4408.865,
    5178.89,
    6083.403,
    7145.891,
    8393.948,
    9859.982,
    11582.065,
    13604.915,
    15981.064,
    18772.217,
    22050.854,
    25902.118,
    30426.019,
    35740.036,
    41982.166,
    49314.508,
    57927.47,
    68044.718,
    79928.981,
    93888.874,
    110286.915,
    129548.935,
    152175.138,
    178753.092,
    209972.984,
    246645.546,
    289723.107,
    340324.325,
    399763.234,
    469583.368,
    551597.85,
    647936.465,
    761100.977,
    894030.092,
    1050175.772,
    1233592.874,
    1449044.456,
    1702125.457,
    1999407.996,
    2348612.036,
    2758805.859,
    3240641.559,
    3806631.655,
    4471474.026,
    5252433.588,
    6169790.641,
    7247367.514,
    8513147.193,
    10000000.0
  ],
  "mu_over_rho_cm2_g": [
    3600.0,
    3600.0,
    3600.0,
    3600.0,
    3600.0,
    3600.0,
    3600.0,
    3600.0,
    3284.61333,
    2754.289225,
    2309.589706,
    1936.690076,
    1623.997735,
    1361.791789,
    1141.920852,
    957.549636,
    802.946459,
    673.305062,
    564.595187,
    473.437292,
    396.997485,
    332.899427,
    266.826778,
    181.634383,
    123.642197,
    84.165743,
    57.293323,
    39.000724,
    26.548581,
    18.072156,
    12.302082,
    8.374276,
    5.628195,
    3.613582,
    2.3201,
    1.48962,
    0.95641,
    0.824805,
    0.731747,
    0.649188,
    0.575943,
    0.510963,
    0.453314,
    0.402169,
    0.356794,
    0.316539,
    0.280826,
    0.249141,
    0.221032,
    0.196094,
    0.17397,
    0.159321,
    0.14892,
    0.139199,
    0.130111,
    0.121617,
    0.113678,
    0.106257,
    0.09932,
    0.092836,
    0.086776,
    0.081111,
    0.075816,
    0.070866,
    0.06624,
    0.061845,
    0.05759,
    0.053628,
    0.049939,
    0.046503,
    0.043304,
    0.040325,
    0.037551,
    0.034967,
    0.032562,
    0.030322,
    0.028236,
    0.026293,
    0.024484,
    0.0228
  ],
  "source": "log-log interp of Henke/NIST-XCOM anchors; precision ~30%"
}