{
  "name": "Nickel",
  "Z_eff": 28,
  "A_eff": 58.69,
  "density_g_cm3": 8.902,
  "edges_ev": {
    "K": 8333.0,
    "L1": 1008.6
  },
  "energy_ev": [
    30.0,
    35.24,
    41.394,
    48.624,
    57.116,
    67.092,
    78.81,
    92.574,
    108.743,
    127.735,
    150.044,
    176.25,
    207.033,
    243.192,
    285.666,
    335.559,
    394.166,
    463.008,
    543.874,
    638.864,
    750.444,
    881.512,
    1035.471,
    1216.32,
    1428.755,
    1678.293,
    1971.413,
    2315.727,
    2720.178,
    3195.267,
    3753.332,
    4408.865,
    5178.89,
    6083.403,
    7145.891,
    8393.948,
    9859.982,
    11582.065,
    13604.915,
    15981.064,
    18772.217,
    22050.854,
    25902.118,
    30426.019,
    35740.036,
    41982.166,
    49314.508,
    57927.47,
    68044.718,
    79928.981,
    93888.874,
    110286.915,
    129548.935,
    152175.138,
    178753.092,
    209972.984,
    246645.546,
    289723.107,
    340324.325,
    399763.234,
    469583.368,
    551597.85,
    647936.465,
    761100.977,
    894030.092,
    1050175.772,
    1233592.874,
    1449044.456,
    1702125.457,
    1999407.996,
    2348612.036,
    2758805.859,
    3240641.559,
    3806631.655,
    4471474.026,
    5252433.588,
    6169790.641,
    7247367.514,
    8513147.193,
    10000000.0
  ],
  "mu_over_rho_cm2_g": [
    280000.0,
    280000.0,
    280000.0,
    280000.0,
    280000.0,
    280000.0,
    280000.0,
    280000.0,
    227798.426321,
    153267.974161,
    103122.186939,
    69382.958164,
    46682.435919,
    31409.007067,
    21132.69596,
    14218.559587,
    9566.571019,
    6436.607063,
    4330.695962,
    2913.790966,
    1960.464985,
    1319.045533,
    934.451652,
    797.786839,
    681.109438,
    581.496265,
    496.451653,
    423.84493,
    361.857037,
    308.934958,
    263.752804,
    225.178601,
    182.358798,
    122.251108,
    81.955648,
    124.392691,
    216.600353,
    141.77584,
    92.173229,
    59.924908,
    38.959193,
    25.328678,
    16.467023,
    10.705764,
    6.960176,
    4.525044,
    2.941883,
    1.912617,
    1.243456,
    0.808413,
    0.525576,
    0.407424,
    0.353725,
    0.307103,
    0.266626,
    0.231484,
    0.200974,
    0.174485,
    0.151488,
    0.131521,
    0.114187,
    0.099137,
    0.08607,
    0.074726,
    0.064877,
    0.057784,
    0.054565,
    0.051525,
    0.048655,
    0.045944,
    0.043385,
    0.040968,
    0.038686,
    0.036531,
    0.034496,
    0.032574,
    0.03076,
    0.029046,
    0.027428,
    0.0259
  ],
  "source": "log-log interp of Henke/NIST-XCOM anchors; precision ~30%"
}