{
  "name": "Silicon",
  "Z_eff": 14,
  "A_eff": 28.09,
  "density_g_cm3": 2.33,
  "edges_ev": {
    "K": 1839.0,
    "L1": 149.7
  },
  "energy_ev": [
    30.0,
    35.24,
    41.394,
    48.624,
    57.116,
    67.092,
    78.81,
    92.574,
    108.743,
    127.735,
    150.044,
    176.25,
    207.033,
    243.192,
    285.666,
    335.559,
    394.166,
    463.008,
    543.874,
    638.864,
    750.444,
    881.512,
    1035.471,
    1216.32,
    1428.755,
    1678.293,
    1971.413,
    2315.727,
    2720.178,
    3195.267,
    3753.332,
    4408.865,
    5178.89,
    6083.403,
    7145.891,
    8393.948,
    9859.982,
    11582.065,
    13604.915,
    15981.064,
    18772.217,
    22050.854,
    25902.118,
    30426.019,
    35740.036,
    41982.166,
    49314.508,
    57927.47,
    68044.718,
    79928.981,
    93888.874,
    110286.915,
    129548.935,
    152175.138,
    178753.092,
    209972.984,
    246645.546,
    289723.107,
    340324.325,
    399763.234,
    469583.368,
    551597.85,
    647936.465,
    761100.977,
    894030.092,
    1050175.772,
    1233592.874,
    1449044.456,
    1702125.457,
    1999407.996,
    2348612.036,
    2758805.859,
    3240641.559,
    3806631.655,
    4471474.026,
    5252433.588,
    6169790.641,
    7247367.514,
    8513147.193,
    10000000.0
  ],
  "mu_over_rho_cm2_g": [
    110000.0,
    110000.0,
    110000.0,
    110000.0,
    110000.0,
    110000.0,
    110000.0,
    110000.0,
    94238.115392,
    70020.913079,
    52027.019514,
    38657.175985,
    28723.099441,
    21341.870441,
    15857.461165,
    11782.429066,
    8754.59402,
    6504.848536,
    4833.240054,
    3591.199594,
    2668.33726,
    1982.631025,
    1498.443042,
    1204.488079,
    968.199318,
    778.264174,
    625.589291,
    502.865189,
    404.216315,
    324.919746,
    261.17907,
    209.942632,
    162.768922,
    110.886575,
    75.541647,
    51.462862,
    35.059153,
    25.571722,
    18.774365,
    13.783849,
    10.11989,
    7.429867,
    5.454894,
    4.004899,
    2.940335,
    2.158749,
    1.58492,
    1.163624,
    0.854315,
    0.627225,
    0.460499,
    0.376969,
    0.330999,
    0.290634,
    0.255193,
    0.224073,
    0.196748,
    0.172755,
    0.151688,
    0.13319,
    0.116948,
    0.102686,
    0.090164,
    0.079169,
    0.069515,
    0.062178,
    0.058021,
    0.054142,
    0.050522,
    0.047144,
    0.043992,
    0.041051,
    0.038307,
    0.035746,
    0.033356,
    0.031126,
    0.029045,
    0.027103,
    0.025291,
    0.0236
  ],
  "source": "log-log interp of Henke/NIST-XCOM anchors; precision ~30%"
}