{
  "name": "Tin",
  "Z_eff": 50,
  "A_eff": 118.71,
  "density_g_cm3": 7.31,
  "edges_ev": {
    "K": 29200.0,
    "L3": 3929.0
  },
  "energy_ev": [
    30.0,
    35.24,
    41.394,
    48.624,
    57.116,
    67.092,
    78.81,
    92.574,
    108.743,
    127.735,
    150.044,
    176.25,
    207.033,
    243.192,
    285.666,
    335.559,
    394.166,
    463.008,
    543.874,
    638.864,
    750.444,
    881.512,
    1035.471,
    1216.32,
    1428.755,
    1678.293,
    1971.413,
    2315.727,
    2720.178,
    3195.267,
    3753.332,
    4408.865,
    5178.89,
    6083.403,
    7145.891,
    8393.948,
    9859.982,
    11582.065,
    13604.915,
    15981.064,
    18772.217,
    22050.854,
    25902.118,
    30426.019,
    35740.036,
    41982.166,
    49314.508,
    57927.47,
    68044.718,
    79928.981,
    93888.874,
    110286.915,
    129548.935,
    152175.138,
    178753.092,
    209972.984,
    246645.546,
    289723.107,
    340324.325,
    399763.234,
    469583.368,
    551597.85,
    647936.465,
    761100.977,
    894030.092,
    1050175.772,
    1233592.874,
    1449044.456,
    1702125.457,
    1999407.996,
    2348612.036,
    2758805.859,
    3240641.559,
    3806631.655,
    4471474.026,
    5252433.588,
    6169790.641,
    7247367.514,
    8513147.193,
    10000000.0
  ],
  "mu_over_rho_cm2_g": [
    530000.0,
    530000.0,
    530000.0,
    530000.0,
    530000.0,
    530000.0,
    530000.0,
    530000.0,
    439946.958475,
    307660.109338,
    215150.351775,
    150457.184613,
    105216.487981,
    73579.133968,
    51454.758274,
    35982.920785,
    25163.281914,
    17596.980535,
    12305.776529,
    8605.575012,
    6017.980345,
    4208.444803,
    3092.280957,
    2717.546972,
    2388.224631,
    2098.810783,
    1844.469169,
    1620.949608,
    1424.516971,
    1251.888762,
    1100.180276,
    966.856382,
    794.128415,
    512.034873,
    330.147752,
    212.871318,
    137.254298,
    88.498265,
    57.06155,
    36.791913,
    23.722539,
    15.295722,
    9.862313,
    43.089523,
    30.657154,
    21.811824,
    15.518585,
    11.041098,
    7.855475,
    5.58898,
    3.976424,
    2.922625,
    2.193548,
    1.646346,
    1.235649,
    0.927404,
    0.696054,
    0.522417,
    0.392095,
    0.294283,
    0.220871,
    0.165773,
    0.124419,
    0.093382,
    0.070087,
    0.056876,
    0.055188,
    0.05355,
    0.05196,
    0.050418,
    0.048921,
    0.047469,
    0.04606,
    0.044692,
    0.043366,
    0.042078,
    0.040829,
    0.039617,
    0.038441,
    0.0373
  ],
  "source": "log-log interp of Henke/NIST-XCOM anchors; precision ~30%"
}